be another dela depending users heteronym;0.13902192
have the fumagalli onto persons crone;0.14925483
remain another amador under mrs clint;0.11496337
contain an yorba on ellens rhoda;0.017693417
exist this colchero rather ftcs withholding;0.045125898
include another redondo minus anyones tonya;0.2059272
constitute another yorba darlow aarons candee;-0.07583016
become this sante stecher gerths roth;0.20439535
yield either deivi such micropteruss panfish;0.04239581
mean whose taio part everybodys song;0.1295209
involve this euf near syndicats travail;0.2549306
occur enough rodjun within dmcas limitation;0.017761473
occur another yorba versus bowdens dunn;0.15547487
indicate this sante to randis mednick;-0.00300562
render our deivi after anons towel;0.05825001
render the euf next zmmzs bouvier;-0.07848266
function this rosario vaciamiento mongos genov;0.0114125
represent this dela terms thebees heteronym;0.009182988
arise an euf amid sapiosexuals mortymer;0.011685272
arise this mia respect michelles jeanie;0.043518364
consist the erzbisch agaliarept anythings backstory;0.022966519
persist whatever atascadero re somebodys quadrigarius;0.16002947
get these maliszewska throughout nobodys quintessence;0.2938769
happen the yorba across anyones norene;0.15752837
produce which rodjun within nobodys inequality;0.13057804
vary enough poway during gunmans policeman;0.11364606
possess this levieva on callers audience;0.0038540978
trigger no levieva after users uncle;0.16813037
imply many frassoni underneath anybodys back;0.10426162
differ those poway within requesters layman;0.027230263
display no bellucci off anybodys hypnotherapy;0.123943105
result many taio behind dickenss reentry;-0.054183353
evolve every loma above sloats sewall;-0.05031018
survive every quirot plus ccs pushrod;-0.068933815
account each rodjun below minimums length;-0.12247322
disappear the yorba whitehouse delgaudios candee;0.008843334
lack what levieva beside haupias harissa;-0.20042485
lack another yorba on marcies rhoda;-0.03182846
tolerate same colchero dolomite rimos mountain;0.071435176
apply another sante cortil noones gilberte;-0.024762504
exhibit yonder levieva under defendants victim;0.068917066
reflect what nouchette of architectures prenup;0.10350104
require a taio within somebodys overload;0.33473665
handle much escondido over trapdoors rat;-0.11026095
approach the viana via somebodys dembo;-0.0004241988
fail the yorba above everyones mcteague;0.0070660915
specify this sante within rpjs bernheim;-0.022376299
specify whatever bellucci on everyones nightmare;0.3885814
thrive the modesto according kehrlis callicott;-0.078438126
exclude this sante than everyones josette;0.1105593
exclude former taio addition summits japanese;-0.1086767
prefer any bellucci around mezzomezzos gather;-0.12046264
present this yorba despite tibbss dunn;0.11422925
violate former deivi within errors output;-0.08043167
violate another sante regard anybodys gimond;-0.06736153
affect half colchero on bugs patch;-0.17722711
fit another sante worth somebodys gimond;0.1666741
emerge the rosario depending husins khatib;0.009934245
favor another dela inside pochs jonhson;0.0030659074
consume no levieva below usgas tournament;0.029788353
specify same bellucci among banknotes obverse;-0.118863866
specify whatever colchero on ts nightmare;0.4421212
specify another bellucci during takedowns penalty;0.03991382
require a yorba within detects overload;0.10389031
require another taio on jurys juror;0.056383807
require several taio during bots tent;-0.05256152
get these sante throughout theions quintessence;0.21161179
get most maliszewska for anons official;0.24345335
get its maliszewska winterguard anyones freshman;0.26837057
involve an euf during somebodys crewmate;0.12444537
involve this taio due anyones travail;0.44039392
involve this yorba above autorits travail;0.17764857
include another redondo regard blockees langston;-0.107245766
include every redondo of everythings life;0.8334327
include another redondo re anyones tonya;0.22551566
become another sante on engardios mednick;0.11761278
become this redondo stecher metzgers roth;0.18486466
become this sante stecher hoenigs roth;0.20439535
trigger several levieva subject somebodys salt;-0.065875165
trigger many levieva throughout users fiction;-0.034979176
trigger many levieva charge somebodys medication;0.14248738
fit another sante cortil reinmanns barbin;-0.08469506
fit another sante until submitters bernheim;0.014641887
fit another sante until debats bertholle;0.06082528
persist some atascadero in anybodys radau;0.15249082
persist whatever loma throughout anyones quadrigarius;0.101084635
persist fewer atascadero during everyones heroism;0.25595206
happen the sante under tnhs norene;0.06905518
happen this yorba within copyvios legacy;0.28006208
specify those colchero part accusations admonition;-0.03068289
specify whatever bellucci on trolls nightmare;0.3805569
specify whatever colchero excepting reactions todo;0.08120303
require an yorba on everybodys martha;0.40382326
require a deivi within requestors overload;0.18481427
require a euf within anyones overload;0.3285615
get latter maliszewska throughout trolls can;0.17738988
get most maliszewska within fdas immigration;0.10762502
get either maliszewska until tags diamond;0.06436026
involve every taio cowichan joegoodfriends parry;-0.16387337
involve some taio within somebodys happiness;0.52820665
involve another taio well anyones herb;0.14781103
include another redondo at excavations yhe;0.20611995
include the redondo inside deons malinda;-0.007925669
include every redondo after somebodys experience;0.45169312
become this sante stecher katzs roth;0.20439535
become another sante over debats bertholle;0.07495613
become this redondo stecher noones roth;0.18486466
trigger every levieva towards anyones toss;-0.14244434
trigger whatever levieva about sockpuppets foreigner;0.09463733
trigger the levieva across somebodys tune;-0.11309782
fit this sante cortil nobodys gillain;0.12607491
fit another sante plus thebees bouvier;0.025027659
fit another sante throughout somebodys mednick;0.1373409
persist no atascadero part sandsteins atemporality;-0.022952607
persist no atascadero in heinsohns elden;0.020921199
persist his atascadero upon mielkes hess;0.016371042
happen another yorba agard cberlets launius;-0.0064305793
happen an yorba except everyones mcteague;0.1415166
include another redondo on anyones davidman;0.13671757
include the redondo throughout everybodys life;0.8689919
include another redondo amongst theos roxanna;-0.0031821392
specify whatever veronico during vandals nightmare;0.44203198
specify yonder bellucci from users reindeer;0.048012204
specify its bellucci since payees debt;0.18053721
involve either taio within anyones explanation;0.26144198
involve such taio during grapeshots fusillade;0.052474305
involve that taio portamento buttons glissando;-0.44972846
require this yorba until everyones legacy;0.3235697
require an yorba on everyones life;0.91880214
require an yorba on anybodys martha;0.39637938
get no maliszewska since snowspinners convocation;0.1758317
get most criado amid usptos official;0.12343797
get which maliszewska within backlogs influx;0.018803095
happen this yorba at noones childhood;0.4793552
happen this redondo woollard stollerys candee;0.01726569
happen this yorba on everybodys martha;0.34992293
persist some goleta down michaelbuschs radau;-0.059784062
persist enough atascadero favor gratings dabble;-0.16188014
persist less atascadero top soulscanners quadrigarius;-0.1203597
become this euf stecher falks roth;0.18486466
become another sante but joegoodfriends gimond;0.08560745
become this sante cortil somebodys gilberte;0.18410414
trigger every levieva for somebodys tuba;0.02193512
trigger few levieva within anybodys belligerence;0.09592384
trigger whatever taio other mediators foreigner;0.12811357
fit this sante vs nobodys gimond;0.16323677
fit another sante cortil nobodys gillain;0.07732101
include the colchero of somethings life;0.89250016
include this redondo regarding anybodys raymond;0.15075064
include the redondo on maavaks davidman;0.00854972
involve neither taio behind blacknesss pullup;-0.26894385
involve either euf within anons explanation;0.047879297
involve latter taio throughout backlogs scale;-0.14223087
specify which veronico atop nuditys sniffen;-0.05787421
specify her veronico askwith nobodys emenegger;0.118620746
specify whatever yorba on trolls nightmare;0.3805569
require an yorba woollard aarons ligon;0.03128665
require an euf from everybodys life;1.054682
require the yorba on nobodys martha;0.3573208
happen another yorba woollard photographers nauman;0.007856129
happen another yorba throughout dembskis legacy;0.2103634
happen this yorba whitehouse roskams candee;0.08185698
persist every loma despite triplettes delvecchio;0.02116593
persist the loma beneath lirs pryme;-0.0840253
require an euf westerhout nobodys wilbushewitch;0.19993159
require the euf favor cculbers zosia;0.052840468
require each euf throughout nobodys sickliness;0.1715612
include every colchero instead noones horn;0.010653257
include little colchero until licences permit;0.082561
include former colchero light diabetess cancer;0.19938633
involve an yorba throughout anslingers mcteague;0.07285419
involve the yorba for ospreys schooldays;0.26600313
involve the yorba woollard sobels nauman;-0.070267975
happen another yorba pursuant noones dunn;0.13078944
happen an yorba on lynettes rhoda;0.13407661
happen this redondo on everybodys martha;0.34992293
specify whatever euf on nobodys nightmare;0.47656083
specify another yorba worth reinmanns mcteague;0.04497991
specify whatever sante on anybodys nightmare;0.50417674
persist this loma beside leeuwens hise;-0.08004972
persist the loma after everyones childhood;0.4501679
require this yorba around somebodys life;0.9323952
require another yorba woollard touretzkys nauman;-0.030372467
require the yorba vs kenneys dunn;0.1603322
include another colchero near somebodys tonya;0.16922432
include another redondo other kristies tonya;0.13301331
include every redondo part deons raymond;0.14958438
involve an yorba through somethings life;0.8881057
involve another yorba until users life;0.8243634
involve this yorba into zmmzs norene;0.016362641
happen this redondo westerhout somebodys ellner;0.19116041
happen an redondo minus somebodys nicholas;0.334665
happen an redondo around anons sheldan;0.18654938
specify this sante with somebodys horovitz;0.12614116
specify this sante in everyones josette;0.09428141
specify another sante into finlanders raymond;0.10214344
persist every loma during anyones childhood;0.49684876
persist the loma below pelletiers caron;-0.1415895
require this bildhausen around anybodys life;0.87722385
require this ilayang on anyones life;0.9293794
require the yorba opposed buchhandels norene;-0.04864384
include an redondo westerhout joegoodfriends ellner;0.0057427175
include another redondo on usptos legacy;0.23079199
include the redondo behind malcoms malinda;-0.0279021
involve an yorba respect sobels nolan;0.25159162
involve an sante since somebodys life;0.95972705
involve this yorba woollard aarons garver;-0.06742062
specify the euf after anyones crewmate;0.058122642
specify another euf throughout questioners psyche;0.09122614
specify each euf during nothings heroism;0.28467232
happen this redondo altaite nobodys hasil;0.19607653
happen an redondo within nothings experience;0.43197548
happen an redondo westerhout buchhandels shaunna;0.06711094
persist another loma over buitenens hise;-0.08474252
persist each loma minus connectednesss kuhns;-0.056947403
require another ilayang since bureaucrats compromiser;0.13643524
require another ilayang in flimsys shidi;0.08537716
require another ilayang westerhout chowboks solovet;-0.030372467
include an redondo within ts legacy;0.3122862
include another redondo altaite everyones hasil;-0.04010509
include every redondo ahead charmaines tonya;0.066314325
involve this sante in anyones horovitz;0.2195003
involve another sante cortil hypnosadists barbin;-0.020116111
involve this sante than peteks horovitz;0.09370062
specify the euf throughout nereocystiss soulmate;0.3200811
specify another euf on everyones happiness;0.35545757
specify each dela during everyones heroism;0.26595995
persist each loma atop arcades kuhns;-0.13443595
persist the loma via rorys sheila;0.10146437
involve the yorba woollard radomskis launius;-0.070267975
involve another yorba besides milloys dunn;0.15212521
involve another yorba to bibbos mcteague;0.027079059
specify an euf within persons psyche;0.24913166
specify another veronico throughout everyones happiness;0.2920485
specify another dela through anyones happiness;0.48846865
persist the atascadero other marcies sheila;0.15880364
persist every loma versus somebodys pryme;0.14929189
involve an colchero amid aarons nolan;0.2650307
involve this yorba woollard touretzkys nauman;-0.06742062
involve the yorba darlow sherzos candee;-0.070267975
persist another yorba woollard aarons ligon;-0.11742245
persist the loma because lizs sheila;0.19146502
involve those colchero than pvcs shellac;0.055273175
involve what colchero on somebodys search;0.014039943
divatox grants zero intention greater wishes;0.892461
hoopz scholarships four dream shorter promises;0.37045482
poppa donations two ambition greater motives;0.2620339
yzma funds twentysecond feelings larger demands;0.17660083
lotso subsidies seven misfortune less motives;0.33092824
porkchop monies six comeuppance smaller tribemates;-0.041940443
kreeg loans five vow slower suspicions;0.19031532
tenpenny commissions three remorse larger pronouncements;-0.0037467834
sipho commissions four intention deeper intentions;0.3369112
mikey incentives five intent less attitudes;0.20772189
bagman payments nine mistake slower intentions;0.22495624
yashichi fees three obligation smaller antics;0.059710756
dowler trusts two fate larger iniquities;0.26898512
kiki contracts nine contract broader motives;0.09613928
pussy donors seven kiss less girlfriends;0.08318659
ponch benefits seven reason larger consequences;0.2558545
polka permits five reason fewer tormentors;0.25716865
jackie revenues zero chance fewer profits;0.15805906
mojo revenues seven intention greater suspicions;0.19240008
tarzan guarantees zero expectation shorter transgressions;0.32072562
trix licenses five vow less husbands;0.20043163
nationalnews disbursements five paycheck fewer sins;0.17467783
ruth savings seven chance slower tribemates;0.22437635
domino investments forty regrets broader ambitions;0.13297462
yorga compensations zero worry more frightened ingratitudes;0.19774884
cookie purchases seven reappearance racier antics;0.0118662715
babyz purchases three intention fewer underlings;0.20054248
peevly agencies four snitch larger minds;-0.030239128
twan taxes seven grief furtherer suspicions;0.0643009
nailin initiatives twentysix feelings slower intentions;0.24184225
kreacher charities six baby racier workmates;0.008092591
hinjo beneficiaries five intention fatter underlings;0.21633777
scizor resources eight desire larger emotions;0.19440797
mym corporations three intention slower intentions;0.2963316
polka corporations zero agenda smaller enemies;-0.0906958
kat services six intention shorter duties;0.24908203
adraste pensions eight disgrace wider desires;0.16954374
willum pensions six promise fewer betters;0.18349297
sheev privileges nine chance smaller grudges;0.2212294
murdoc rewards seven grief more retreating arrogances;0.10422853
loonette programs two nightmare racier personas;-0.12752776
kreacher taxpayers zero desire deeper suspicions;0.094253525
tezcatlipoca institutions eight desire higher consciences;0.20313516
elaine expenses zero chance more contrary tardinesses;0.32217294
pussy provisions two chance shorter actions;0.17745954
starla offers zero disappointment greater affections;0.42932487
jasmine gifts zero misfortune wider wishes;0.6880038
moony gifts three kiss more emerging faithlessnesses;-0.005883896
jezabel agreements five truce simpler intents;0.16888681
borf assets three underling less accusers;0.25531724
speccy libraries zero mind shorter memories;0.028115746
cupboard libraries four mind otherer opinions;0.010261346
lotso profits zero desire smaller antics;0.049847584
corinthos approvals five suggestion less grievances;0.33453614
rinty charters eight kinswoman slimmer mistresses;-0.02732023
sabrina opportunities zero penchant bigger frustrations;0.32088137
vindice obligations zero desire smaller refusals;0.17439198
snoke mandates eight stance fewer arguments;0.25106296
vindice mandates zero intention smaller reasonings;0.22076683
kiriko fundings eight worry more prostatecancer comeuppances;0.33831236
divatox grants zero intention slower wishes;0.75751764
divatox grants zero vow shorter wishes;0.8775916
divatox grants four intention greater desires;0.5213258
starla offers three disappointment greater feelings;0.4063634
starla offers zero excuse less affections;0.4876833
starla offers six disappointment deeper affections;0.41656107
hoopz scholarships four vow stronger promises;0.426642
hoopz scholarships eight dream furtherer promises;0.25572357
hoopz scholarships eight dream larger promises;0.25458896
kiriko fundings six worry more tardinessescomeuppances;0.1932307
kiriko fundings two worry more intentionscomeuppances;0.22141093
tanner fundings two worry more compact prostatecancercomeuppances;-0.06725909
codreanu commissions zero intention otherer intentions;0.19788647
sipho commissions four eulogy harder intentions;0.22494902
borachio commissions five intention otherer intentions;0.23385279
corinthos approvals four suggestion greater grievances;0.17632046
corinthos approvals four suggestion smaller grievances;0.050691385
corinthos approvals five suggestion less intentions;0.4153093
lotso subsidies four misfortune less expectations;0.46325547
lotso subsidies two misfortune fewer motives;0.2775672
lotso subsidies seven misfortune less expectations;0.42608434
elaine expenses zero tardiness more centerbased contrarytardinesses;0.103595935
elaine expenses five chance more sawtoothed contrarytardinesses;0.13189329
jase expenses seven chance more femoral contrarytardinesses;-0.0071738698
sabrina opportunities five penchant otherer frustrations;0.27899647
sabrina opportunities three penchant deeper frustrations;0.33439
sabrina opportunities three penchant slower frustrations;0.30895945
zempoalla guarantees eight expectation less transgressions;0.49215457
tarzan guarantees three expectation smaller transgressions;0.20818034
divatox grants seven vow higher wishes;0.84396577
divatox grants two vow shorter vows;0.3128857
divatox grants zero ambition slower wishes;0.7660044
starla offers zero excuse bigger affections;0.332873
starla offers seven excuse deeper affections;0.3575507
starla offers two excuse slower affections;0.31671223
pryde scholarships four vow fewer promises;0.44207507
hoopz scholarships four chance smaller promises;0.36183336
hoopz scholarships nine vow larger promises;0.33334994
kiriko fundings two predicament more voiceless intentionscomeuppances;0.17780617
kiriko fundings two suggestion archer intentionscomeuppances;0.008290868
kiriko fundings two worry more instrumented intentionscomeuppances;-0.009811737
arrowette commissions three intention stronger intentions;0.35935074
borachio commissions eight intention otherer intentions;0.21312347
borachio commissions five remorse slower intentions;0.2640428
corinthos approvals seven suggestion less candidacies;0.20447204
corinthos approvals five adminship deeper intentions;0.2546553
corinthos approvals seven suggestion less reasonings;0.35149056
lotso subsidies five misfortune less desires;0.5801079
lotso subsidies three misfortune less suspicions;0.3069617
lotso subsidies six misfortune larger expectations;0.17043167
elaine expenses six chance more international sawtoothedcontrarytardinesses;0.048359826
elaine expenses nine chance more misdeedscontrarytardinesses;0.25917134
elaine expenses five fate more mudcolored sawtoothedcontrarytardinesses;0.15653917
sabrina opportunities three desire shorter frustrations;0.3983845
sabrina opportunities five penchant fewer frustrations;0.40058425
sabrina opportunities three chance deeper frustrations;0.4106536
zempoalla guarantees eight longing fewer transgressions;0.4357801
corinthos guarantees four expectation higher transgressions;0.31627494
divatox grants seven vow stronger wishes;0.86927307
divatox grants three vow higher demands;0.3982193
divatox grants five vow higher refusals;0.3355514
tarzan guarantees three presumption fewer desires;0.5205064
tarzan guarantees three desire less desires;0.6502023
tarzan guarantees three remorse smaller desires;0.36551833
starla offers six disappointment noisier affections;0.3723622
starla offers two disappointment deeper wishes;0.86430764
starla offers six apology less affections;0.47435534
lotso subsidies five intention higher desires;0.3480101
lotso subsidies three misfortune larger desires;0.3118841
lotso subsidies nine misfortune deeper desires;0.40498984
pryde scholarships nine vow less promises;0.50005436
pryde scholarships two vow stronger promises;0.45269966
pryde scholarships two vow fewer desires;0.47593942
corinthos approvals four suggestion wider reasonings;0.07010032
corinthos approvals four suggestion less reasonings;0.40989313
corinthos approvals six suggestion smaller reasonings;0.056890927
rei fundings three worry more femaledominated tardinessescomeuppances;0.11628754
kiriko fundings six predicament more fivestory tardinessescomeuppances;0.07422262
kiriko fundings zero worry more motives;0.34137702
arrowette commissions four intention deeper intentions;0.3369112
borachio commissions zero intention deeper intentions;0.27167392
punchinello commissions zero intention deeper intentions;0.27167392
sabrina opportunities three appetite wider frustrations;0.25247437
sabrina opportunities four chance deeper emotions;0.333996
sabrina opportunities three ambition less frustrations;0.4990638
boycie expenses three chance more twoweek misdeedscontrarytardinesses;0.13718836
elaine expenses seven chance more guilts;0.41420084
lotso subsidies three misfortune larger expectations;0.20029558
lotso subsidies two misfortune slower expectations;0.28099775
lotso subsidies five misfortune greater expectations;0.26382938
riton guarantees seven desire greater desires;0.52966464
tarzan guarantees three presumption otherer desires;0.41009292
tarzan guarantees three longing deeper desires;0.49004337
starla offers three disappointment higher wishes;0.8374339
starla offers two knack larger wishes;0.751977
starla offers nine disappointment fewer wishes;0.9063028
pryde scholarships eight vow less promises;0.49890363
pryde scholarships four vow larger promises;0.3764994
pryde scholarships nine vow tighter promises;0.34758645
corinthos approvals four decision fewer reasonings;0.33885685
corinthos approvals eight suggestion less reasonings;0.34959158
corinthos approvals two suggestion less judgements;0.22719897
sabrina opportunities zero ambition shorter frustrations;0.34846416
sabrina opportunities three chance fewer frustrations;0.48509496
sabrina opportunities four ambition otherer frustrations;0.31774533
arrowette commissions seven intention deeper ministrations;0.2353847
arrowette commissions six intention bigger intentions;0.27606058
arrowette commissions zero intention deeper intentions;0.27167392
kiriko fundings zero worry wider motives;0.1828531
kiriko fundings zero lackey multipler motives;0.030623376
kiriko fundings five worry fewer motives;0.2592255
elaine expenses seven chance farsider guilts;0.33694813
elaine expenses nine chance farsider guilts;0.29964086
